"","person","item","response","trial"
"1","1.csv",3,3,1
"2","1.csv",3,3,2
"3","1.csv",3,3,3
"4","1.csv",3,3,4
"5","1.csv",3,3,5
"6","1.csv",3,3,6
"7","1.csv",3,3,7
"8","1.csv",3,2,8
"9","1.csv",3,2,9
"10","1.csv",3,3,10
"11","1.csv",3,1,11
"12","1.csv",3,1,12
"13","1.csv",3,1,13
"14","1.csv",3,2,14
"15","1.csv",3,1,15
"16","1.csv",3,1,16
"17","1.csv",3,1,17
"18","1.csv",3,2,18
"19","1.csv",3,1,19
"20","1.csv",3,1,20
"21","10.csv",3,1,1
"22","10.csv",3,1,2
"23","10.csv",3,1,3
"24","10.csv",3,1,4
"25","10.csv",3,3,5
"26","10.csv",3,1,6
"27","10.csv",3,1,7
"28","10.csv",3,1,8
"29","10.csv",3,1,9
"30","10.csv",3,1,10
"31","10.csv",3,1,11
"32","10.csv",3,1,12
"33","10.csv",3,1,13
"34","10.csv",3,1,14
"35","10.csv",3,1,15
"36","10.csv",3,1,16
"37","10.csv",3,1,17
"38","10.csv",3,1,18
"39","10.csv",3,2,19
"40","10.csv",3,1,20
"41","11.csv",3,3,1
"42","11.csv",3,3,2
"43","11.csv",3,3,3
"44","11.csv",3,3,4
"45","11.csv",3,1,5
"46","11.csv",3,1,6
"47","11.csv",3,1,7
"48","11.csv",3,1,8
"49","11.csv",3,2,9
"50","11.csv",3,2,10
"51","11.csv",3,1,11
"52","11.csv",3,1,12
"53","11.csv",3,1,13
"54","11.csv",3,1,14
"55","11.csv",3,1,15
"56","11.csv",3,1,16
"57","11.csv",3,1,17
"58","11.csv",3,1,18
"59","11.csv",3,1,19
"60","11.csv",3,1,20
"61","12.csv",3,3,1
"62","12.csv",3,1,2
"63","12.csv",3,1,3
"64","12.csv",3,1,4
"65","12.csv",3,2,5
"66","12.csv",3,2,6
"67","12.csv",3,1,7
"68","12.csv",3,1,8
"69","12.csv",3,2,9
"70","12.csv",3,1,10
"71","12.csv",3,2,11
"72","12.csv",3,1,12
"73","12.csv",3,1,13
"74","12.csv",3,3,14
"75","12.csv",3,3,15
"76","12.csv",3,2,16
"77","12.csv",3,1,17
"78","12.csv",3,1,18
"79","12.csv",3,1,19
"80","12.csv",3,2,20
"81","13.csv",3,3,1
"82","13.csv",3,3,2
"83","13.csv",3,3,3
"84","13.csv",3,3,4
"85","13.csv",3,3,5
"86","13.csv",3,3,6
"87","13.csv",3,1,7
"88","13.csv",3,3,8
"89","13.csv",3,3,9
"90","13.csv",3,1,10
"91","13.csv",3,3,11
"92","13.csv",3,3,12
"93","13.csv",3,1,13
"94","13.csv",3,2,14
"95","13.csv",3,1,15
"96","13.csv",3,1,16
"97","13.csv",3,2,17
"98","13.csv",3,1,18
"99","13.csv",3,1,19
"100","13.csv",3,1,20
"101","14.csv",3,3,1
"102","14.csv",3,3,2
"103","14.csv",3,3,3
"104","14.csv",3,3,4
"105","14.csv",3,3,5
"106","14.csv",3,1,6
"107","14.csv",3,2,7
"108","14.csv",3,2,8
"109","14.csv",3,1,9
"110","14.csv",3,1,10
"111","14.csv",3,1,11
"112","14.csv",3,1,12
"113","14.csv",3,1,13
"114","14.csv",3,1,14
"115","14.csv",3,1,15
"116","14.csv",3,1,16
"117","14.csv",3,1,17
"118","14.csv",3,1,18
"119","14.csv",3,1,19
"120","14.csv",3,2,20
"121","15.csv",3,1,1
"122","15.csv",3,1,2
"123","15.csv",3,2,3
"124","15.csv",3,1,4
"125","15.csv",3,1,5
"126","15.csv",3,1,6
"127","15.csv",3,1,7
"128","15.csv",3,1,8
"129","15.csv",3,1,9
"130","15.csv",3,1,10
"131","15.csv",3,1,11
"132","15.csv",3,1,12
"133","15.csv",3,2,13
"134","15.csv",3,2,14
"135","15.csv",3,1,15
"136","15.csv",3,1,16
"137","15.csv",3,1,17
"138","15.csv",3,1,18
"139","15.csv",3,1,19
"140","15.csv",3,1,20
"141","16.csv",3,3,1
"142","16.csv",3,3,2
"143","16.csv",3,3,3
"144","16.csv",3,3,4
"145","16.csv",3,3,5
"146","16.csv",3,3,6
"147","16.csv",3,2,7
"148","16.csv",3,1,8
"149","16.csv",3,3,9
"150","16.csv",3,3,10
"151","16.csv",3,2,11
"152","16.csv",3,2,12
"153","16.csv",3,2,13
"154","16.csv",3,1,14
"155","16.csv",3,1,15
"156","16.csv",3,2,16
"157","16.csv",3,2,17
"158","16.csv",3,3,18
"159","16.csv",3,2,19
"160","16.csv",3,2,20
"161","17.csv",3,1,1
"162","17.csv",3,1,2
"163","17.csv",3,1,3
"164","17.csv",3,1,4
"165","17.csv",3,3,5
"166","17.csv",3,3,6
"167","17.csv",3,1,7
"168","17.csv",3,1,8
"169","17.csv",3,1,9
"170","17.csv",3,1,10
"171","17.csv",3,1,11
"172","17.csv",3,1,12
"173","17.csv",3,1,13
"174","17.csv",3,1,14
"175","17.csv",3,1,15
"176","17.csv",3,2,16
"177","17.csv",3,3,17
"178","17.csv",3,1,18
"179","17.csv",3,1,19
"180","17.csv",3,1,20
"181","18.csv",3,1,1
"182","18.csv",3,1,2
"183","18.csv",3,1,3
"184","18.csv",3,1,4
"185","18.csv",3,1,5
"186","18.csv",3,3,6
"187","18.csv",3,1,7
"188","18.csv",3,1,8
"189","18.csv",3,1,9
"190","18.csv",3,1,10
"191","18.csv",3,1,11
"192","18.csv",3,1,12
"193","18.csv",3,1,13
"194","18.csv",3,1,14
"195","18.csv",3,1,15
"196","18.csv",3,1,16
"197","18.csv",3,1,17
"198","18.csv",3,2,18
"199","18.csv",3,1,19
"200","18.csv",3,1,20
"201","19.csv",3,1,1
"202","19.csv",3,1,2
"203","19.csv",3,1,3
"204","19.csv",3,1,4
"205","19.csv",3,1,5
"206","19.csv",3,1,6
"207","19.csv",3,1,7
"208","19.csv",3,2,8
"209","19.csv",3,1,9
"210","19.csv",3,1,10
"211","19.csv",3,1,11
"212","19.csv",3,2,12
"213","19.csv",3,1,13
"214","19.csv",3,2,14
"215","19.csv",3,2,15
"216","19.csv",3,1,16
"217","19.csv",3,2,17
"218","19.csv",3,1,18
"219","19.csv",3,1,19
"220","19.csv",3,2,20
"221","2.csv",3,1,1
"222","2.csv",3,1,2
"223","2.csv",3,1,3
"224","2.csv",3,1,4
"225","2.csv",3,1,5
"226","2.csv",3,1,6
"227","2.csv",3,1,7
"228","2.csv",3,1,8
"229","2.csv",3,1,9
"230","2.csv",3,1,10
"231","2.csv",3,1,11
"232","2.csv",3,1,12
"233","2.csv",3,1,13
"234","2.csv",3,1,14
"235","2.csv",3,1,15
"236","2.csv",3,1,16
"237","2.csv",3,1,17
"238","2.csv",3,1,18
"239","2.csv",3,2,19
"240","2.csv",3,1,20
"241","20.csv",3,3,1
"242","20.csv",3,1,2
"243","20.csv",3,1,3
"244","20.csv",3,1,4
"245","20.csv",3,1,5
"246","20.csv",3,1,6
"247","20.csv",3,1,7
"248","20.csv",3,1,8
"249","20.csv",3,1,9
"250","20.csv",3,1,10
"251","20.csv",3,1,11
"252","20.csv",3,1,12
"253","20.csv",3,1,13
"254","20.csv",3,1,14
"255","20.csv",3,1,15
"256","20.csv",3,1,16
"257","20.csv",3,1,17
"258","20.csv",3,1,18
"259","20.csv",3,1,19
"260","20.csv",3,1,20
"261","21.csv",3,3,1
"262","21.csv",3,3,2
"263","21.csv",3,3,3
"264","21.csv",3,3,4
"265","21.csv",3,3,5
"266","21.csv",3,3,6
"267","21.csv",3,3,7
"268","21.csv",3,3,8
"269","21.csv",3,3,9
"270","21.csv",3,3,10
"271","21.csv",3,3,11
"272","21.csv",3,3,12
"273","21.csv",3,3,13
"274","21.csv",3,3,14
"275","21.csv",3,3,15
"276","21.csv",3,3,16
"277","21.csv",3,3,17
"278","21.csv",3,3,18
"279","21.csv",3,3,19
"280","21.csv",3,3,20
"281","22.csv",3,3,1
"282","22.csv",3,3,2
"283","22.csv",3,3,3
"284","22.csv",3,3,4
"285","22.csv",3,2,5
"286","22.csv",3,2,6
"287","22.csv",3,2,7
"288","22.csv",3,2,8
"289","22.csv",3,1,9
"290","22.csv",3,1,10
"291","22.csv",3,1,11
"292","22.csv",3,1,12
"293","22.csv",3,2,13
"294","22.csv",3,1,14
"295","22.csv",3,2,15
"296","22.csv",3,1,16
"297","22.csv",3,1,17
"298","22.csv",3,1,18
"299","22.csv",3,1,19
"300","22.csv",3,2,20
"301","23.csv",3,1,1
"302","23.csv",3,1,2
"303","23.csv",3,1,3
"304","23.csv",3,1,4
"305","23.csv",3,3,5
"306","23.csv",3,1,6
"307","23.csv",3,1,7
"308","23.csv",3,3,8
"309","23.csv",3,1,9
"310","23.csv",3,1,10
"311","23.csv",3,1,11
"312","23.csv",3,2,12
"313","23.csv",3,2,13
"314","23.csv",3,1,14
"315","23.csv",3,2,15
"316","23.csv",3,1,16
"317","23.csv",3,1,17
"318","23.csv",3,1,18
"319","23.csv",3,1,19
"320","23.csv",3,1,20
"321","24.csv",3,1,1
"322","24.csv",3,1,2
"323","24.csv",3,1,3
"324","24.csv",3,1,4
"325","24.csv",3,3,5
"326","24.csv",3,1,6
"327","24.csv",3,1,7
"328","24.csv",3,1,8
"329","24.csv",3,2,9
"330","24.csv",3,1,10
"331","24.csv",3,1,11
"332","24.csv",3,1,12
"333","24.csv",3,2,13
"334","24.csv",3,1,14
"335","24.csv",3,1,15
"336","24.csv",3,1,16
"337","24.csv",3,3,17
"338","24.csv",3,2,18
"339","24.csv",3,2,19
"340","24.csv",3,1,20
"341","25.csv",3,3,1
"342","25.csv",3,3,2
"343","25.csv",3,3,3
"344","25.csv",3,3,4
"345","25.csv",3,3,5
"346","25.csv",3,3,6
"347","25.csv",3,2,7
"348","25.csv",3,3,8
"349","25.csv",3,3,9
"350","25.csv",3,2,10
"351","25.csv",3,2,11
"352","25.csv",3,3,12
"353","25.csv",3,3,13
"354","25.csv",3,3,14
"355","25.csv",3,2,15
"356","25.csv",3,3,16
"357","25.csv",3,3,17
"358","25.csv",3,3,18
"359","25.csv",3,1,19
"360","25.csv",3,3,20
"361","26.csv",3,1,1
"362","26.csv",3,1,2
"363","26.csv",3,1,3
"364","26.csv",3,1,4
"365","26.csv",3,1,5
"366","26.csv",3,2,6
"367","26.csv",3,1,7
"368","26.csv",3,1,8
"369","26.csv",3,1,9
"370","26.csv",3,1,10
"371","26.csv",3,1,11
"372","26.csv",3,1,12
"373","26.csv",3,1,13
"374","26.csv",3,3,14
"375","26.csv",3,1,15
"376","26.csv",3,1,16
"377","26.csv",3,2,17
"378","26.csv",3,2,18
"379","26.csv",3,1,19
"380","26.csv",3,1,20
"381","27.csv",3,3,1
"382","27.csv",3,1,2
"383","27.csv",3,1,3
"384","27.csv",3,1,4
"385","27.csv",3,1,5
"386","27.csv",3,1,6
"387","27.csv",3,1,7
"388","27.csv",3,1,8
"389","27.csv",3,1,9
"390","27.csv",3,1,10
"391","27.csv",3,1,11
"392","27.csv",3,1,12
"393","27.csv",3,2,13
"394","27.csv",3,1,14
"395","27.csv",3,1,15
"396","27.csv",3,1,16
"397","27.csv",3,1,17
"398","27.csv",3,1,18
"399","27.csv",3,1,19
"400","27.csv",3,1,20
"401","3.csv",3,3,1
"402","3.csv",3,3,2
"403","3.csv",3,1,3
"404","3.csv",3,1,4
"405","3.csv",3,1,5
"406","3.csv",3,1,6
"407","3.csv",3,1,7
"408","3.csv",3,1,8
"409","3.csv",3,1,9
"410","3.csv",3,1,10
"411","3.csv",3,1,11
"412","3.csv",3,1,12
"413","3.csv",3,1,13
"414","3.csv",3,1,14
"415","3.csv",3,1,15
"416","3.csv",3,1,16
"417","3.csv",3,1,17
"418","3.csv",3,1,18
"419","3.csv",3,1,19
"420","3.csv",3,1,20
"421","4.csv",3,3,1
"422","4.csv",3,1,2
"423","4.csv",3,1,3
"424","4.csv",3,1,4
"425","4.csv",3,1,5
"426","4.csv",3,1,6
"427","4.csv",3,1,7
"428","4.csv",3,1,8
"429","4.csv",3,2,9
"430","4.csv",3,1,10
"431","4.csv",3,1,11
"432","4.csv",3,1,12
"433","4.csv",3,2,13
"434","4.csv",3,1,14
"435","4.csv",3,1,15
"436","4.csv",3,1,16
"437","4.csv",3,2,17
"438","4.csv",3,1,18
"439","4.csv",3,1,19
"440","4.csv",3,1,20
"441","5.csv",3,3,1
"442","5.csv",3,3,2
"443","5.csv",3,3,3
"444","5.csv",3,3,4
"445","5.csv",3,3,5
"446","5.csv",3,3,6
"447","5.csv",3,3,7
"448","5.csv",3,3,8
"449","5.csv",3,3,9
"450","5.csv",3,3,10
"451","5.csv",3,3,11
"452","5.csv",3,3,12
"453","5.csv",3,3,13
"454","5.csv",3,3,14
"455","5.csv",3,3,15
"456","5.csv",3,3,16
"457","5.csv",3,3,17
"458","5.csv",3,3,18
"459","5.csv",3,3,19
"460","5.csv",3,3,20
"461","6.csv",3,3,1
"462","6.csv",3,1,2
"463","6.csv",3,1,3
"464","6.csv",3,1,4
"465","6.csv",3,1,5
"466","6.csv",3,1,6
"467","6.csv",3,1,7
"468","6.csv",3,1,8
"469","6.csv",3,1,9
"470","6.csv",3,1,10
"471","6.csv",3,2,11
"472","6.csv",3,2,12
"473","6.csv",3,1,13
"474","6.csv",3,1,14
"475","6.csv",3,1,15
"476","6.csv",3,3,16
"477","6.csv",3,1,17
"478","6.csv",3,1,18
"479","6.csv",3,2,19
"480","6.csv",3,1,20
"481","7.csv",3,3,1
"482","7.csv",3,1,2
"483","7.csv",3,1,3
"484","7.csv",3,2,4
"485","7.csv",3,1,5
"486","7.csv",3,1,6
"487","7.csv",3,1,7
"488","7.csv",3,2,8
"489","7.csv",3,1,9
"490","7.csv",3,2,10
"491","7.csv",3,1,11
"492","7.csv",3,1,12
"493","7.csv",3,2,13
"494","7.csv",3,1,14
"495","7.csv",3,1,15
"496","7.csv",3,1,16
"497","7.csv",3,1,17
"498","7.csv",3,2,18
"499","7.csv",3,1,19
"500","7.csv",3,1,20
"501","8.csv",3,3,1
"502","8.csv",3,3,2
"503","8.csv",3,3,3
"504","8.csv",3,3,4
"505","8.csv",3,3,5
"506","8.csv",3,3,6
"507","8.csv",3,3,7
"508","8.csv",3,3,8
"509","8.csv",3,3,9
"510","8.csv",3,2,10
"511","8.csv",3,3,11
"512","8.csv",3,3,12
"513","8.csv",3,3,13
"514","8.csv",3,3,14
"515","8.csv",3,2,15
"516","8.csv",3,3,16
"517","8.csv",3,2,17
"518","8.csv",3,3,18
"519","8.csv",3,3,19
"520","8.csv",3,3,20
"521","9.csv",3,3,1
"522","9.csv",3,3,2
"523","9.csv",3,3,3
"524","9.csv",3,3,4
"525","9.csv",3,3,5
"526","9.csv",3,3,6
"527","9.csv",3,1,7
"528","9.csv",3,1,8
"529","9.csv",3,1,9
"530","9.csv",3,1,10
"531","9.csv",3,2,11
"532","9.csv",3,1,12
"533","9.csv",3,1,13
"534","9.csv",3,1,14
"535","9.csv",3,1,15
"536","9.csv",3,2,16
"537","9.csv",3,2,17
"538","9.csv",3,1,18
"539","9.csv",3,1,19
"540","9.csv",3,1,20
